[
    {
        "ID":"1439",
        "PREFIXO":"",
        "DESCRICAO":"Elogio"
    },
    {
        "ID":"1440",
        "PREFIXO":"Beneficiário",
        "DESCRICAO":"Informação"
    },
    {
        "ID":"1699",
        "PREFIXO":"PRES. MED",
        "DESCRICAO":"Informação"
    },
    {
        "ID":"1697",
        "PREFIXO":"PRES. ODON",
        "DESCRICAO":"Informação"
    },
    {
        "ID":"1464",
        "PREFIXO":"",
        "DESCRICAO":"Informação"
    },
    {
        "ID":"1459",
        "PREFIXO":"",
        "DESCRICAO":"Informação"
    },
    {
        "ID":"1458",
        "PREFIXO":"",
        "DESCRICAO":"Informação"
    },
    {
        "ID":"1455",
        "PREFIXO":"",
        "DESCRICAO":"Informação"
    },
    {
        "ID":"1451",
        "PREFIXO":"",
        "DESCRICAO":"Informação"
    },
    {
        "ID":"1452",
        "PREFIXO":"",
        "DESCRICAO":"Reclamação"
    },
    {
        "ID":"1441",
        "PREFIXO":"Beneficiário",
        "DESCRICAO":"Reclamação"
    },
    {
        "ID":"1696",
        "PREFIXO":"PRES. ODON",
        "DESCRICAO":"Reclamação"
    },
    {
        "ID":"1694",
        "PREFIXO":"PRES. MED",
        "DESCRICAO":"Reclamação"
    },
    {
        "ID":"1489",
        "PREFIXO":"",
        "DESCRICAO":"Reclamação"
    },
    {
        "ID":"1463",
        "PREFIXO":"",
        "DESCRICAO":"Reclamação"
    },
    {
        "ID":"1461",
        "PREFIXO":"",
        "DESCRICAO":"Reclamação"
    },
    {
        "ID":"1462",
        "PREFIXO":"",
        "DESCRICAO":"Solicitação"
    },
    {
        "ID":"1693",
        "PREFIXO":"Fornecedor",
        "DESCRICAO":"Solicitação"
    },
    {
        "ID":"1460",
        "PREFIXO":"",
        "DESCRICAO":"Solicitação"
    }
]