[
    {
        "ID":"7202",
        "PREFIXO":"Atendimento Bradesco",
        "DESCRICAO":"Acompanhamento de internação"
    },
    {
        "ID":"6983",
        "PREFIXO":"Agenda Abertta",
        "DESCRICAO":"Agenda Abertta"
    },
    {
        "ID":"6975",
        "PREFIXO":"",
        "DESCRICAO":"Agendamento de consulta"
    },
    {
        "ID":"7520",
        "PREFIXO":"Solicitação Colmeia",
        "DESCRICAO":"Agendamento de consulta"
    },
    {
        "ID":"6248",
        "PREFIXO":"",
        "DESCRICAO":"AGSI"
    },
    {
        "ID":"6235",
        "PREFIXO":"",
        "DESCRICAO":"AGSI"
    },
    {
        "ID":"6972",
        "PREFIXO":"",
        "DESCRICAO":"Alteração de Conta Bancária"
    },
    {
        "ID":"6214",
        "PREFIXO":"",
        "DESCRICAO":"Alteração de Dados Cadastrais"
    },
    {
        "ID":"6215",
        "PREFIXO":"",
        "DESCRICAO":"Alteração de Dados Cadastrais"
    },
    {
        "ID":"6216",
        "PREFIXO":"",
        "DESCRICAO":"Alteração de Dados Cadastrais"
    },
    {
        "ID":"6978",
        "PREFIXO":"APP Abertta Saúde\/Portal Abertta Saúde",
        "DESCRICAO":"Alteração de senha"
    },
    {
        "ID":"6330",
        "PREFIXO":"",
        "DESCRICAO":"Amparo\/Teleorientação"
    },
    {
        "ID":"6327",
        "PREFIXO":"",
        "DESCRICAO":"Amparo\/Teleorientação"
    },
    {
        "ID":"7259",
        "PREFIXO":"",
        "DESCRICAO":"Análise de cobertura de Genética"
    },
    {
        "ID":"7211",
        "PREFIXO":"SOL \/ INFO \/ RECL",
        "DESCRICAO":"Análise de cobertura de procedimento"
    }
]