[
    {
        "ID":"7855",
        "PREFIXO":"",
        "DESCRICAO":"Agenda Abertta"
    },
    {
        "ID":"7838",
        "PREFIXO":"",
        "DESCRICAO":"Alteração de Conta Bancária"
    },
    {
        "ID":"7313",
        "PREFIXO":"",
        "DESCRICAO":"Alteração de Dados Cadastrais"
    },
    {
        "ID":"7314",
        "PREFIXO":"",
        "DESCRICAO":"Alteração de Dados Cadastrais"
    },
    {
        "ID":"7315",
        "PREFIXO":"",
        "DESCRICAO":"Alteração de Dados Cadastrais Pendente de Retorno"
    },
    {
        "ID":"7858",
        "PREFIXO":"",
        "DESCRICAO":"Alteração de plano"
    },
    {
        "ID":"7320",
        "PREFIXO":"",
        "DESCRICAO":"APP Abertta Saúde\/Portal Abertta Saúde"
    },
    {
        "ID":"7321",
        "PREFIXO":"",
        "DESCRICAO":"APP Abertta Saúde\/Portal Abertta Saúde"
    },
    {
        "ID":"7322",
        "PREFIXO":"",
        "DESCRICAO":"Assistência Funeral"
    },
    {
        "ID":"8045",
        "PREFIXO":"",
        "DESCRICAO":"Atendimento Beneficiário UNIMED SEGUROS"
    },
    {
        "ID":"8067",
        "PREFIXO":"Atendimento BRADESCO",
        "DESCRICAO":"Atendimento BRADESCO"
    },
    {
        "ID":"7323",
        "PREFIXO":"",
        "DESCRICAO":"Atendimento do Call Center"
    }
]